{
    "origin": {
        "ACE": 15.197005883220525,
        "AGP": 8.159352642980155,
        "ALC": 5.32127754119695,
        "AMS": 33.60247588675359,
        "ARN": 59.20694672218547,
        "ASU": 47.57392363023026,
        "ATH": 7.997349564903851,
        "BCN": 11.147729225036262,
        "BER": 31.879941849811793,
        "BIO": 12.786896499694489,
        "BLQ": 21.5929451076677,
        "BOG": 12.321432121754428,
        "BRU": 24.587447433004666,
        "CCS": 12.524213632836464,
        "CMN": 13.473611218982645,
        "COR": 49.73104002530825,
        "CPH": 42.525404426601504,
        "CUN": 11.938470292314394,
        "DUB": 24.260863711144154,
        "DUS": 20.70114571803197,
        "EZE": 44.054706231998395,
        "FAO": 8.18841851271713,
        "FCO": 21.10446058058067,
        "FLR": 19.31157615095292,
        "FNC": 9.68122493518989,
        "FRA": 24.86988755721589,
        "GRU": 27.36273711011219,
        "GRX": 7.5848578336936745,
        "GVA": 33.951993510643156,
        "GYE": 30.937552827262024,
        "HAM": 19.6245175915937,
        "HAV": 15.296955915402261,
        "IBZ": 9.699917676282052,
        "IST": 35.52132587618604,
        "JFK": 9.800622401299034,
        "LCG": 5.442960287685583,
        "LGW": 27.532633055359312,
        "LHR": 33.81790832771584,
        "LIM": 40.494740519710035,
        "LIS": 25.075281547271658,
        "LPA": 21.01929646770339,
        "LUX": 40.367846583314524,
        "LYS": 13.057865118683887,
        "MAD": 26.0647193844201,
        "MAH": 12.358821812662974,
        "MAN": 40.63069086244784,
        "MDE": 12.904219019774395,
        "MIA": 16.022235452630703,
        "MRS": 12.016796564936863,
        "MUC": 24.644740868394454,
        "MVD": 49.30259949868444,
        "MXP": 18.700533436343417,
        "NAP": 25.376470172267418,
        "NCE": 17.207252846284465,
        "NTE": 38.50957619939274,
        "OPO": 21.185129723552265,
        "ORY": 19.394406143273347,
        "OSL": 59.19441604216393,
        "PDL": 18.444351690810286,
        "PMI": 8.519975560196144,
        "PRG": 36.35914911064521,
        "PTY": 12.108148716815197,
        "PUJ": 12.50236863284261,
        "PXO": 12.582861061948616,
        "RAK": 11.744804860134233,
        "REC": 16.297994198718,
        "SAP": 40.22258761198225,
        "SDQ": 14.772964333439152,
        "SJU": 19.52599254120886,
        "SSA": 10.651360480277397,
        "STI": 9.738574297173823,
        "SVQ": 18.07577197649578,
        "TER": 19.952060959602107,
        "TFN": 18.520369303665575,
        "TFS": 17.624526708018543,
        "TLS": 8.839815176854396,
        "TLV": 52.84754693939436,
        "TUN": 6.169303591137131,
        "UIO": 30.269838761815517,
        "VCE": 20.41532458408342,
        "VGO": 5.371202315788813,
        "VIE": 36.5135584994694,
        "VLC": 4.1439916750872925,
        "VVI": 37.92601370116745,
        "WAW": 40.423768689300694,
        "ZRH": 28.36634471497062
    },
    "destination": {
        "ACE": 23.03093940213717,
        "AGA": 21.631327532051337,
        "AGP": 9.986178499180912,
        "ALC": 5.474228028539443,
        "AMS": 33.2609682819089,
        "ARN": 48.96220838910993,
        "ASU": 17.287378974440326,
        "ATH": 20.898925315651574,
        "BCN": 12.129802656681079,
        "BDA": 44.513995983727845,
        "BER": 31.856478911397733,
        "BIO": 11.21680515135105,
        "BLQ": 17.261846578019135,
        "BOG": 50.794119896422366,
        "BRU": 26.190216992371017,
        "CCS": 44.17106772132274,
        "CMN": 18.911876485478818,
        "COR": 14.150054057171678,
        "CPH": 42.17281355264081,
        "CUN": 71.40204829267127,
        "DUB": 22.52356464202574,
        "DUS": 18.56308396629865,
        "EZE": 16.17432176008726,
        "FAO": 18.547419430792978,
        "FCO": 21.098069309158106,
        "FLR": 15.198136156764221,
        "FNC": 13.568423152765,
        "FRA": 22.067848573125353,
        "GOA": 20.297994198718,
        "GRU": 12.019090153044095,
        "GRX": 8.451183418598525,
        "GVA": 31.98088699260299,
        "GYE": 16.57191976794872,
        "HAM": 20.059663702964873,
        "HAV": 63.254156874300776,
        "IBZ": 14.199159439528495,
        "IST": 30.224656949133003,
        "JFK": 40.91626807128944,
        "LCG": 6.6875645314902545,
        "LGW": 27.202887816053387,
        "LHR": 37.2476784675261,
        "LIM": 17.37005317648815,
        "LIS": 25.75070189326883,
        "LPA": 26.456136249283176,
        "LUX": 29.638748654227715,
        "LYS": 10.71352801275852,
        "MAD": 20.763598547989,
        "MAH": 20.749800433397247,
        "MAN": 34.42503053500722,
        "MDE": 58.986300021594424,
        "MIA": 69.14718349887161,
        "MMX": 37.64016231570517,
        "MRS": 11.447261314065745,
        "MUC": 23.16949490518141,
        "MVD": 15.476753740848302,
        "MXP": 17.496902378236783,
        "NAP": 18.45767126781872,
        "NCE": 16.80370391740993,
        "OPO": 19.786827623151982,
        "ORY": 21.582309353325293,
        "OSL": 46.958663378249796,
        "OST": 29.2681947788462,
        "PDL": 22.43745753360943,
        "PMI": 8.905547867712217,
        "PRG": 33.01926370757722,
        "PTY": 53.7947235187825,
        "PUJ": 53.56023693091468,
        "PXO": 14.262546167324366,
        "RAK": 13.047398154884267,
        "REC": 21.446991298077005,
        "SAP": 14.792004693466174,
        "SCQ": 17.811706826923146,
        "SDQ": 59.83295283917637,
        "SJU": 45.69192399216526,
        "SSA": 38.467306993228604,
        "STI": 39.48274160659705,
        "STR": 26.971086162587458,
        "SVQ": 20.780324631410334,
        "TER": 19.36762831042623,
        "TFN": 22.46750860557376,
        "TFS": 20.709127251708836,
        "TLS": 8.85449174739544,
        "TLV": 33.22560907996441,
        "TUN": 14.094555870526534,
        "UIO": 16.250268359570004,
        "VCE": 17.608992346016382,
        "VGO": 6.695790564271255,
        "VIE": 30.084118618862377,
        "VLC": 5.016627347438802,
        "VVI": 18.375282527621835,
        "WAW": 26.889698522957307,
        "ZRH": 26.796252374760336
    }
}